title,date_posted,company,company_rating,salary,salary_type,job_type,degree_type,remote,remote_type,city,region,city_lat,city_lng,data_tools,hard_skills,soft_skills
data entry,,Papakura,,57500.0,year,"Fulltime, Parttime",,False,,Christchurch,Canterbury,-43.5309,172.6365,excel,,"attention to detail,written communication,communication,management,planning,time management,data entry"
junior data entry,,Madison Recruitment,3.6,,,Fulltime,,False,,Auckland City,Auckland,-36.85,174.7833,,,"enthusiastic,confidence,organisation,data entry,motivated,training,administration"
data entryspecimen reception operator,,Auckland District Health Board,,,,"Fulltime, Permanent",,False,,Auckland City,Auckland,-36.85,174.7833,,,"attention to detail,written communication,communication,organisation,multitasking,data entry,training"
data administrator,,Wurth NZ Ltd,,,,Fulltime,,False,,Manukau City,Auckland,-37.0,174.885,salesforce,,"attention to detail,written communication,enthusiastic,communication,analysis,data analysis,data entry,work ethic"
data entryspecimen reception operator,,New Zealand Government,2.6,,,"Fulltime, Permanent",,False,,Auckland City,Auckland,-36.85,174.7833,,,"attention to detail,written communication,communication,organisation,multitasking,data entry,training"
data entry operator,,Alpha Personnel Recruitment Ltd,,,,Fulltime,,False,,,,,,,,"attention to detail,communication,it,typing,data entry,administration,work ethic"
data analyst,,New Zealand Government,2.6,,,Fulltime,,False,,Wellington City,Wellington,-41.2889,174.7772,python,"analytics,machine learning,research","research,communication,analysis,management,organisation,relationship management,analytical"
data and insights analyst,,New Zealand Government,2.6,,,Fulltime,,False,,Wellington City,Wellington,-41.2889,174.7772,"power bi,sql,azure,excel","machine learning,gis","innovative,project management,creativity,data management,management,organisation,analytical"
analyst data quality gis,,Wellington Water,,,,Fulltime,,True,Fully,Lower Hutt,Wellington,-41.2167,174.9167,,"analytics,geospatial,time series","interpersonal communication,attention to detail,communication,data management,management,it,analytical,training,administration,flexible"
data analyst,,Te Whatu Ora - Health New Zealand Te Pae Hauora o...,,,,"Fulltime, Permanent",,False,,Palmerston North,Manawatu,-40.3549,175.6095,"sql,ssrs","analytics,forecasting","business intelligence,analysis,reporting,management,it,organisation,analytical,leadership"
warehouse  data entry job,,NZ Labour Hire Dunedin,,24.0,hour,"Fulltime, Fixed term contract, Temp to perm",,False,,Dunedin,Otago,-45.8667,170.5,,,"team player,it,data entry"
summer holiday  data entry,,Madison Recruitment,3.6,,,Fulltime,,False,,,Marlborough,,,,,"attention to detail,data entry"
data entry operator,,Alpha Recruitment NZ,,,,Permanent,,False,,Wellington City,Wellington,-41.2889,174.7772,,,"attention to detail,communication,it,typing,data entry,administration,work ethic"
analyst data quality gis,,New Zealand Government,2.6,,,Fulltime,,False,,Wellington City,Wellington,-41.2889,174.7772,,"analytics,geospatial,time series","interpersonal communication,attention to detail,communication,data management,management,it,analytical,training,administration,flexible"
climate data technician  niwa,,Science New Zealand,,,,Permanent,,False,,Wellington City,Wellington,-41.2889,174.7772,"r,linux,oracle,sql,python,perl","research,statistics","research,enthusiastic,troubleshooting,management,it,organisation,resilience,computer literacy,flexible,administration,literacy"
data repair officer,,Programmed,2.8,,,Fixed term contract,,False,,Auckland City,Auckland,-36.85,174.7833,,,"attention to detail,energetic,motivated,work ethic,team player"
database administrator,,Te Whatu Ora,3.9,,,"Fulltime, Permanent",,True,Fully,Wellington Central,Wellington,,,"linux,cloud,unix,sql",tuning,"attention to detail,reporting,management,it,organisation,working under pressure,flexible"
data repair officer te reo,,Programmed,2.8,,,Fixed term contract,,False,,Auckland City,Auckland,-36.85,174.7833,,,"attention to detail,energetic,it,motivated,work ethic,team player"
customer data administrator,,Emergent,,,,,,False,,Auckland City,Auckland,-36.85,174.7833,,,"attention to detail,communication,management,it,organisation,time management,innovative,analytical"
data engineer,,TOWER Insurance,4.0,,,Permanent,,False,,Auckland City,Auckland,-36.85,174.7833,"azure,cloud,snowflake,power bi,tableau",visualization,"attention to detail,analysis,flexible,reporting"
principal data analyst,,Te Whatu Ora - Health New Zealand Hauora a Toi Bay...,,,,"Fulltime, Permanent",,False,,Tauranga,Bay of Plenty,-37.6858,176.1667,,,"analysis,productivity,management,presentation,it,data management,reporting,data analysis,business intelligence"
senior database administrator db2 zos and luw,,Westpac,3.9,,,Permanent,,False,,Auckland City,Auckland,-36.85,174.7833,,,"troubleshooting,it,management,planning,training,administration,flexible"
data centre engineer x 3,,Computer Concepts,,,,"Fulltime, Permanent",,False,,Auckland City,Auckland,-36.85,174.7833,,cleaning,"management,it"
senior advisor data and insights,,New Zealand Government,2.6,,,Fulltime,,False,,Wellington City,Wellington,-41.2889,174.7772,,ai,"organisational,communication,it,coaching,innovative,training,flexible"
master dataproduction analyst  tokoroa,,Carter Holt Harvey,3.6,,,"Fulltime, Permanent",Masters,False,,Kinleith,Waikato,,,excel,,"analysis,reporting,data management,management,it"
data and insights analyst,,Momentum Consulting Group,5.0,,,Fulltime,,False,,Wellington City,Wellington,-41.2889,174.7772,"power bi,sql,azure,excel","machine learning,gis","innovative,project management,creativity,data management,management,organisation,analytical,consulting"
data techadministrator,,Programmed,2.8,,,Casual,,False,,Christchurch,Canterbury,-43.5309,172.6365,,"classification,geospatial","attention to detail,it"
data administrator,,H2R Consulting,,,,Fixed term contract,Masters,False,,Wellington City,Wellington,-41.2889,174.7772,,research,"attention to detail,research,communication,analysis,data entry,verbal communication"
business intelligence and data warehouse developer,,Te Whatu Ora,3.9,,,"Fulltime, Permanent",,False,,Wellington Central,Wellington,,,"snowflake,qlik,oracle",analytics,"communication,analysis,reporting,it,management,organisation,planning,relationship management,verbal communication,innovative,training,business intelligence,flexible"
data and digital service administrator,,New Zealand Government,2.6,,,"Parttime, Permanent",,False,,,Otago,,,,,"team player,risk management,communication,management,it,organisation,motivated,administration,customer service"
senior data warehouse developer,,HAYS,3.6,,,Fixed term contract,,False,,Wellington City,Wellington,-41.2889,174.7772,"git,sql server,sql,azure",etl,"reporting,flexible"
senior data and insights analyst,,Momentum Consulting Group,5.0,,,Fulltime,,False,,Wellington City,Wellington,-41.2889,174.7772,"power bi,sql,azure,excel","machine learning,gis","innovative,project management,creativity,data management,management,organisation,analytical,consulting,leadership"
senior dataops engineer,,Te Whatu Ora,3.9,,,"Fulltime, Permanent",,False,,Wellington Central,Wellington,,,"snowflake,cloud",pipeline,"analysis,reporting,it,organisation,innovative,training,flexible"
data engineer azure senior and intermediate,,Potentia,,,,Permanent,,False,,Auckland City,Auckland,-36.85,174.7833,"azure,power bi,sql,python,nosql",analytics,"organisation,reporting,flexible,it"
receptionist data entry,22-06-2022,NZ Recruit,,,,Fulltime,,False,,Auckland City,Auckland,-36.85,174.7833,,,"it,communication,data entry"
lab assistant data entry,05-07-2022,SGS,3.6,,,Parttime,,False,,Napier,Hawke's Bay,-39.4833,176.9167,,,"written communication,attentive,communication,data entry"
data entry research assistant  part time,22-06-2022,PeopleHQ,,,,Permanent,,True,Fully,Auckland City,Auckland,-36.85,174.7833,"excel,cloud","cleaning,research","organisation,coordination,analysis,data analysis,research,computer literacy,data entry,numeracy,management,time management,literacy"
expression of interest for data science,30-06-2022,Tonkin + Taylor,,,,"Fulltime, Permanent",Bachelors,False,,Auckland City,Auckland,-36.85,174.7833,,"analytics,statistics","planning,mentoring,training,coaching,flexible"
data analyst,28-06-2022,Vector NZ,,,,"Fulltime, Permanent",,True,Fully,Auckland City,Auckland,-36.85,174.7833,"r,sql,python,aws","analytics,forecasting,research","organisation,analysis,communication,it,analytical,innovative,research,flexible"
lab assistant data entry,,Minor International,,,,Parttime,,False,,Waitangi,Chatham Islands,-43.951,-176.561,,,"written communication,attentive,communication,data entry"
reception data entry,22-06-2022,NZ Recruit,,,,Fulltime,,False,,Wellington City,Wellington,-41.2889,174.7772,,,"it,communication,data entry"
data and insight analyst work remotely,23-06-2022,Contact Energy,4.0,,,,,True,Fully,,,,,"excel,power bi,sql,python","analytics,ai","organisation,analysis,it,analytical,organisational,attention to detail,mentoring,training,decision making"
data and measurement lead large customer sales,30-06-2022,Google,,,,,,False,,Auckland City,Auckland,-36.85,174.7833,,"analytics,machine learning","it,literacy,leadership,presentation"
data analyst  editorial,05-07-2022,NZME,4.8,,,,,False,,Auckland City,Auckland,-36.85,174.7833,"python,bigquery,cloud,google cloud,google analytics","analytics,ai,machine learning,statistics","analysis,communication,reporting,it,critical thinking,sense of humour,management,flexible,team player"
data analyst programmer,29-06-2022,Visa,,,,Fulltime,,False,,Auckland City,Auckland,-36.85,174.7833,"sql server,sql",etl,"writing,innovative,troubleshooting,management,data management"
data scientist,30-06-2022,Whānau Ora Commissioning Agency,,,,Fulltime,,False,,Henderson,Auckland,,,,analytics,"flexible,reporting"
database administrator,01-07-2022,Fidelity Life,,,,Fulltime,,False,,Auckland City,Auckland,-36.85,174.7833,"cloud,sql server,sql,azure",,"resilience,analysis,reporting,innovative,stakeholder management,training,management,flexible,team player"
data processor asset inspections,04-07-2022,North Power NZ,,,,,,False,,Hamilton,Waikato,-37.7833,175.2833,excel,,"organisation,reporting,attention to detail,management,flexible,relationship building"
portfolio data analyst,30-06-2022,The Treasury,,,,"Fulltime, Permanent",,False,,Wellington City,Wellington,-41.2889,174.7772,excel,analytics,"written communication,analysis,communication,data management,presentation,training,management,flexible"
data privacy officer,01-07-2022,Serko Ltd,,,,Fixed term contract,,True,Temporarily,Auckland City,Auckland,-36.85,174.7833,,,"management,attention to detail"
digital data analyst,05-07-2022,Salt Recruitment,,,,Permanent,,False,,Auckland City,Auckland,-36.85,174.7833,"sas,excel,sql","analytics,data mining,segmentation,statistics","analytical,innovative"
data analyst,28-06-2022,Presto Resourcing Options,,,,Fixed term contract,,False,,Wellington City,Wellington,-41.2889,174.7772,,analytics,"management,data management,analysis,presentation"
data analyst,30-06-2022,Potentia,,,,Permanent,,True,Hybrid,Auckland City,Auckland,-36.85,174.7833,"power bi,r,sql,python","analytics,data mining","written communication,organisation,analysis,communication,reporting,data analysis,it,analytical,presenting"
property data analyst,04-07-2022,Foodstuffs North Island,4.0,,,"Fulltime, Permanent",,False,,Mangere,Auckland,,,tableau,,"analysis,reporting,data analysis,it,stakeholder management,management,flexible"
data entry,04-07-2022,Randstad,3.7,,,Fixed term contract,,False,,Wellington Central,Wellington,,,,,"administration,typing,data entry,attention to detail"
database administrator,28-06-2022,Auckland Transport,3.8,,,Permanent,,True,Temporarily,Auckland City,Auckland,-36.85,174.7833,"oracle,sql",dashboard,"administration,analytical,it,innovative,attention to detail,training,management,data management"
data consultant all levels,23-06-2022,RWA Technology People,,,,"Fulltime, Permanent",,False,,Auckland City,Auckland,-36.85,174.7833,"azure,snowflake,aws,tableau,cloud,power bi","analytics,etl","business intelligence,consulting,innovative"
data base administrator,01-07-2022,Fidelity Life,,,,Fulltime,,False,,Auckland City,Auckland,-36.85,174.7833,"cloud,sql server,sql,azure",,"resilience,analysis,reporting,innovative,stakeholder management,training,management,flexible,team player"
research data architect  plant  food research,05-07-2022,Science New Zealand,,,,Permanent,,False,,Auckland City,Auckland,-36.85,174.7833,,"analytics,research","organisation,it,administration,research,management,data management"
bidata roles,05-07-2022,Beyond Recruitment,3.0,,,,,False,,Auckland City,Auckland,-36.85,174.7833,power bi,,"writing,business intelligence,communication,it,report writing"
senior data analyst,04-07-2022,NZ Ministry of Education,4.1,,,"Fulltime, Permanent",,True,Fully,Wellington City,Wellington,-41.2889,174.7772,sas,"ai,research","organisation,communication,flexible,data management,it,innovative,research,management,motivated"
data engineer,23-06-2022,Consult Recruitment,,,,Fixed term contract,,True,Fully,Auckland City,Auckland,-36.85,174.7833,"sas,sql","analytics,etl","flexible,analysis,data analysis"
matanga kohi raraunga  data collection specialist  coromandelhauraki plains,23-06-2022,Statistics New Zealand,4.5,,,"Parttime, Permanent",,True,Fully,,Waikato,,,,,"time management,communication,it,negotiation,attention to detail,customer service,training,management,flexible,literacy"
data tester,25-06-2022,Attra,,,,Fixed term contract,,False,,Wellington City,Wellington,-41.2889,174.7772,"spark,scala",etl,"writing,communication,reporting,it,management,verbal communication"
kaitātari pūnaha raraunga data system analyst,01-07-2022,Statistics New Zealand,4.5,,,"Fulltime, Permanent",,False,,Auckland City,Auckland,-36.85,174.7833,"sas,r",statistics,"planning,analysis,reporting,analytical,leadership,training,coaching,management,flexible"
data scientist,06-07-2022,Potentia,,,,Permanent,,True,Hybrid,Auckland City,Auckland,-36.85,174.7833,r,"statistics,forecasting","motivated,analysis,flexible"
change analyst l1 l2  centre for enterprise data and analytics,29-06-2022,Inland Revenue Department - New Zealand,,,,"Fulltime, Permanent",,False,,,,,,,analytics,"organisation,planning,reporting,mentoring,logical thinking,collaboration,leadership,coaching,management,flexible"
electrician  data centre,30-06-2022,Ward Chandler,,,,Fulltime,,False,,Auckland City,Auckland,-36.85,174.7833,,,"motivated,work ethic"
manager risk analytics  data,01-07-2022,ANZ Banking Group,4.1,,,,,False,,Auckland City,Auckland,-36.85,174.7833,"sas,r,sql,python",analytics,"organisation,business acumen,communication,reporting,it,presentation,innovative,flexible"
kaihangarau tauanga me ngā raraunga statistical and data technician,05-07-2022,Statistics New Zealand,4.5,,,"Parttime, Fixed term contract",,False,,Christchurch,Canterbury,-43.5309,172.6365,excel,"statistics,classification","analysis,reporting,it,attention to detail,leadership,training,coaching,data entry,decision making,flexible"
data collector  waikato,28-06-2022,Madison Recruitment,3.6,,,Parttime,,False,,,Waikato,,,,research,"communication,organisational,confidence,training,decision making,research,management,time management,relationship building"
data technician,04-07-2022,Horizon Energy Group,,,,"Fulltime, Permanent",,False,,Hamilton,Waikato,-37.7833,175.2833,,,"planning,communication,negotiation,organisational,customer service,leadership,training,risk management,management,flexible,team player,energetic"
data modeler,25-06-2022,HAYS,3.6,,,Fixed term contract,,False,,Auckland City,Auckland,-36.85,174.7833,cloud,"analytics,machine learning","organisation,management,business intelligence"
data and operations coordinator  life insurance,23-06-2022,BNZ,3.5,,,"Fulltime, Permanent",,False,,Auckland City,Auckland,-36.85,174.7833,,,"business acumen,communication,reporting,data management,it,innovative,management,flexible"
data engineer,05-07-2022,South Taranaki District Council,,,,,,False,,Hawera,Taranaki,-39.5833,174.2833,"azure,nosql,aws,cloud,sql",research,"organisation,communication,reporting,it,attention to detail,organisational,work ethic,customer service,troubleshooting,decision making,research,management,data management,team player,time management,verbal communication"
data analyst,30-06-2022,Manaia Health PHO,4.0,,,Permanent,Masters,False,,Whangarei,Northland,-35.725,174.3236,"power bi,r,sql,python","analytics,data mining,statistics","writing,analysis,reporting,organisational,presentation,innovative,computer literacy,training,decision making,report writing,management,literacy"
data warehouse  database administrator,06-07-2022,Absolute IT Recruitment Specialists,,,,"Fulltime, Permanent",,False,,,Waikato,,,"nosql,power bi,aws",etl,"communication,administration,it,relationship management,collaboration,management,data management"
senior data engineer,29-06-2022,Westpac,3.9,,,Permanent,,False,,Auckland City,Auckland,-36.85,174.7833,"power bi,git,sql",,"analysis,reporting,it,analytical,management,consulting"
customer service  data entry specialist,22-06-2022,Adecco Personnel Limited,3.8,,,Fulltime,,False,,Christchurch,Canterbury,-43.5309,172.6365,,,"customer service,administration,typing,data entry"
data ba te reo,01-07-2022,H2R Consulting,,,,Fixed term contract,Bachelors,False,,Wellington City,Wellington,-41.2889,174.7772,,"dashboard,kpi",analysis
cloud and data security analyst,24-06-2022,KPMG,3.9,,,"Fulltime, Permanent",,False,,Auckland City,Auckland,-36.85,174.7833,"azure,powerpoint,aws,excel,cloud",recommendations,"organisation,analysis,communication,reporting,flexible,it,project management,training,risk management,management,independent,verbal communication"
pwc consulting  data  analytics  manager,22-06-2022,PwC,4.0,,,Fulltime,,False,,Auckland City,Auckland,-36.85,174.7833,"sql,sas,python,r,power bi","analytics,statistics,forecasting,segmentation,machine learning,natural language processing,text analytics,regression,classification,clustering","respectful,business intelligence,analytical,innovative,stakeholder management,collaboration,leadership,decision making,management,consulting"
lead data engineer  kaiārahi kaipūhanga raraunga,29-06-2022,Z Energy,,,,Fulltime,,False,,Wellington City,Wellington,-41.2889,174.7772,"spark,cloud,azure,python",analytics,"it,innovative,mentoring,flexible,personal development"
data collector  napier,28-06-2022,Madison Recruitment,3.6,,,Parttime,,False,,Napier,Hawke's Bay,-39.4833,176.9167,,research,"communication,organisational,confidence,training,decision making,research,management,time management,relationship building"
it engineer  database,06-07-2022,Spark New Zealand,3.8,,,"Fulltime, Permanent",,False,,Auckland City,Auckland,-36.85,174.7833,"mysql,oracle,mongodb,cassandra,python,cloud,spark,postgresql","cluster,tuning","writing,communication,it,analytical,presentation,customer service,presenting,management,data management"
etl database tester contract role,29-06-2022,Absolute IT Recruitment Specialists,,,,Fulltime,,True,Fully,Wellington Central,Wellington,,,,etl,organisation
senior data analyst,05-07-2022,Alexander James,,,,Fixed term contract,,False,,Auckland City,Auckland,-36.85,174.7833,"sql server,sql,redshift","etl,cleaning",organisation
supply chain data analyst,24-06-2022,OCG,,,,Permanent,,False,,Auckland City,Auckland,-36.85,174.7833,"power bi,powerbi,sql server,excel,sql,vba","analytics,research","organisation,analysis,reporting,data analysis,it,analytical,innovative,research"
data technician,04-07-2022,Talent Propeller,3.3,,,Fulltime,,False,,Hamilton,Waikato,-37.7833,175.2833,,,"planning,communication,negotiation,organisational,customer service,leadership,training,risk management,management,flexible,team player,energetic"
senior database administrator,02-07-2022,Beyond Recruitment,3.0,,,Fixed term contract,,True,Fully,Wellington City,Wellington,-41.2889,174.7772,"cloud,azure,aws",,it
senior data quality specialist,06-07-2022,Alexander James,,,,"Fulltime, Permanent",,True,Fully,Auckland City,Auckland,-36.85,174.7833,"oracle,sql",,"management,flexible,training,data management"
senior test analyst  data warehouse,25-06-2022,HAYS,3.6,,,Fixed term contract,,False,,Wellington City,Wellington,-41.2889,174.7772,sql,etl,"writing,organisation,planning,communication,reporting,flexible"
data and insights manager,29-06-2022,H2R Consulting,,,,"Fulltime, Permanent",,False,,,Bay of Plenty,,,,"analytics,kpi","organisation,communication,reporting,decision making,management,data management"
senior analyst  data,30-06-2022,NZ Ministry of Education,4.1,,,"Fulltime, Fixed term contract",,True,Fully,Wellington City,Wellington,-41.2889,174.7772,,"ai,research","organisation,analysis,data management,it,presentation,customer service,research,management,flexible"
senior data engineer,05-07-2022,Absolute IT Recruitment Specialists,,,,"Fulltime, Permanent",,True,Fully,Auckland City,Auckland,-36.85,174.7833,"azure,gcp,scala,kafka,aws,spark,cloud,sql",analytics,"administration,it,innovative,consulting,team player"
database resiliency engineer,25-06-2022,Xplor,,,,Fulltime,,False,,Auckland City,Auckland,-36.85,174.7833,"azure,mongodb,powerbi,nosql,sql server,splunk,git,sql","etl,cleaning","administration,flexible,it"
data and reporting administrator,10-01-2023,University of Auckland,4.4,,,Fulltime,,False,,Auckland City,Auckland,-36.85,174.7833,"salesforce,excel",research,"analysis,data analysis,flexible,reporting,administration,management,organisational,customer service,research,organisation"
data integrity officer invercargill,10-01-2023,Southern District Health Board,3.8,,,Permanent,,False,,Invercargill,Southland,-46.429,168.362,,,"analysis,data management,it,communication,reporting,interpersonal communication,administration,management,enthusiastic,organisation"
data intelligence,11-01-2023,Spark New Zealand,3.7,,,"Fulltime, Internship, Permanent",Masters,False,,Auckland City,Auckland,-36.85,174.7833,"spark,postgresql,mysql,azure,r,sql server,javascript,sql,git,github,cloud,mongodb,shiny,python,docker,react,kubernetes","analytics,machine learning,gis,artificial intelligence","management,it,team player,organisation"
data entry operator,11-01-2023,Adecco Personnel Limited,3.7,,,Permanent,,False,,Hamilton,Waikato,-37.7833,175.2833,,,"self motivated,motivated,literacy,work ethic,independent,data entry,computer literacy"
matanga kohi raraunga  data collection specialist  waikato,10-01-2023,Statistics New Zealand,4.3,,,"Fulltime, Permanent",,True,Fully,,Waikato,,,,,"flexible,attention to detail,literacy,management,coaching,customer service,time management,training"
quality data coordinator,11-01-2023,Auckland District Health Board,,,,Fulltime,,False,,Auckland City,Auckland,-36.85,174.7833,excel,,"data management,it,literacy,communication,management,data entry,computer literacy,reporting"
data technicianadministrator,11-01-2023,Programmed,2.8,,,Fixed term contract,,False,,Auckland City,Auckland,-36.85,174.7833,,"classification,geospatial","it,attention to detail"
data transition specialist,11-01-2023,LEAP Legal Software,,,,Fulltime,,True,Fully,Auckland City,Auckland,-36.85,174.7833,"cloud,sql",,"it,decision making,management,productivity,reporting"
analyst data and information disclosure,05-01-2023,New Zealand Government,2.6,,,Permanent,,True,Fully,Auckland City,Auckland,-36.85,174.7833,"power bi,tableau,excel","analytics,statistics","analysis,relationship management,flexible,analytical,it,critical thinking,management"
part time admindata entry,07-01-2023,Action Personnel,2.6,,,"Parttime, Fixed term contract",,False,,Palmerston North,Manawatu,-40.3549,175.6095,,,"administration,customer service,data entry"
general manager  data and digital,10-01-2023,Baker Tilly Staples Rodway,,,,,,True,Fully,Hastings,Hawke's Bay,,,"cloud,sql",,"data management,flexible,communication,reporting,management,customer service,organisation,leadership"
data administrator,10-01-2023,New Zealand Government,2.6,,,Fixed term contract,,False,,Wellington City,Wellington,-41.2889,174.7772,r,,"analytical,motivated"
data analyst,10-01-2023,New Zealand Government,2.6,,,Fulltime,,False,,Wellington City,Wellington,-41.2889,174.7772,"power bi,sas,r,excel","analytics,ai,forecasting","analysis,it,analytical,flexible,decision making,management,reporting"
data remediation specialist,10-01-2023,Westpac,3.9,,,Permanent,,False,,Auckland City,Auckland,-36.85,174.7833,"oracle,power bi,sql,sas,hive",,"flexible,analytical,management,stakeholder management,organisation"
data analystsenior data analyst,10-01-2023,NZ Ministry for Primary Industries,4.0,,,"Fulltime, Permanent",,False,,Wellington City,Wellington,-41.2889,174.7772,"power bi,sql",,"analysis,it,flexible,business intelligence,presenting,decision making,organisational,confidence,organisation"
data scientist  data integration,10-01-2023,New Zealand Government,2.6,,,Fulltime,,True,Fully,Wellington City,Wellington,-41.2889,174.7772,,"analytics,statistics","relationship management,flexible,analytical,it,attention to detail,networking,mentoring,management,coaching,confidence"
data repair officer te reo,10-01-2023,Programmed,2.8,,,Fixed term contract,,False,,Auckland City,Auckland,-36.85,174.7833,,,"energetic,it,attention to detail,team player,motivated,work ethic"
senior data analyst,10-01-2023,"Ministry of Business, Innovation & Employment",4.1,,,"Fulltime, Permanent",,False,,Wellington City,Wellington,-41.2889,174.7772,"power bi,sas,excel",ai,"analysis,data analysis,flexible,analytical,it,decision making,management,reporting,leadership"
database coordinator,09-01-2023,New Zealand Government,2.6,,,"Parttime, Permanent",,False,,Christchurch,Canterbury,-43.5309,172.6365,excel,research,"it,innovative,motivated,communication,mentoring,administration,coordination,coaching,data entry,customer service,written communication,research,training"
general manager business support  data  digital,11-01-2023,New Zealand Government,2.6,,,"Fulltime, Permanent",,False,,Wellington City,Wellington,-41.2889,174.7772,,,"analysis,it,planning,writing,flexible,communication,risk management,team player,business acumen,reporting,management,organisational,business analysis,organisation,leadership"
data publishing consultant  data management,11-01-2023,New Zealand Government,2.6,,,Fixed term contract,,False,,Wellington City,Wellington,-41.2889,174.7772,sql,statistics,"data management,flexible,it,attention to detail,leadership,communication,management,coaching,organisation,training"
senior manager data adoption,10-01-2023,Westpac,3.9,,,Permanent,,False,,Auckland City,Auckland,-36.85,174.7833,,analytics,"it,planning,flexible,literacy,communication,mentoring,collaboration,decision making,management,coordination,coaching,facilitator,organisation"
data analystsenior data analyst,10-01-2023,New Zealand Government,2.6,,,"Fulltime, Permanent",,False,,Wellington City,Wellington,-41.2889,174.7772,"power bi,sql",,"analysis,it,flexible,business intelligence,presenting,decision making,organisational,confidence,organisation"
senior data analyst,10-01-2023,New Zealand Government,2.6,,,Fulltime,,False,,Wellington City,Wellington,-41.2889,174.7772,"power bi,r,excel,sas",ai,"analysis,data analysis,flexible,analytical,it,decision making,management,reporting,leadership"
data management engineer,05-01-2023,BNZ,3.5,,,"Fulltime, Permanent",,False,,Auckland City,Auckland,-36.85,174.7833,,etl,"analysis,data management,innovative,flexible,it,team player,reporting,management,data entry,organisation"
category data manager,11-01-2023,Build People,,,,"Fulltime, Permanent",Masters,False,,Auckland City,Auckland,-36.85,174.7833,,,"data management,it,analytical,motivated,reporting,management,team leadership,organisation,leadership"
cloud data engineer aws,10-01-2023,Sourced,,,,Fulltime,,False,,Christchurch,Canterbury,-43.5309,172.6365,"hadoop,spark,cassandra,mysql,azure,aws,nosql,cloud,mongodb,kafka,python,postgres","data mining,segmentation,machine learning","communication,it"
data engineer work from anywhere in nz,11-06-2022,Contact Energy,4.0,,,,,False,,Auckland City,Auckland,-36.85,174.7833,"python,cloud,aws,git,spark","ai,analytics","decision making,collaboration,management,it,administration"
admin data clerk,,Ponsonby,,45.0,hour,"Fulltime, Permanent",,False,,Auckland CBD,Auckland,,,excel,,"planning,data entry,typing,customer service,attention to detail"
administrationdata entry,,"Thorndon, Wellington",,34.5,hour,Fulltime,,False,,Auckland City,Auckland,-36.85,174.7833,,,"communication,written communication,attention to detail"
data platform engineer,,ANZ Banking Group,4.1,,,Permanent,,False,,Auckland City,Auckland,-36.85,174.7833,"oracle,sas,sql,sql server,tableau","tuning,etl,analytics","troubleshooting,written communication,communication,collaboration,flexible"
data analyst,,Resync,,95.0,hour,Subcontract,,False,,Wellington City,Wellington,-41.2889,174.7772,,,"coaching,organisation,planning,consulting,motivated"
mail sorterdata assistant  fulltime  auckland,,DX Mail,3.2,,,Fulltime,,False,,Auckland City,Auckland,-36.85,174.7833,excel,,"planning,typing,communication,flexible,dedication,management,attention to detail,time management,team player,training"
data engineer,16-05-2022,Tata Consultancy Services (TCS),,120000.0,year,"Fulltime, Permanent",,False,,Auckland City,Auckland,-36.85,174.7833,"snowflake,aws,sql","pipeline,etl","data analysis,it,planning,analysis"
data services analyst,16-05-2022,Visa,,,,Fulltime,,False,,Auckland City,Auckland,-36.85,174.7833,"sql server,sql",etl,"troubleshooting,data management,innovative,management,writing"
risk data analyst,,Pactera Edge,,3500.0,month,"Fulltime, Permanent",,True,Fully,Auckland City,Auckland,-36.85,174.7833,excel,,"decision making,analytical,critical thinking,analysis,training"
parttime data analyst,25-05-2022,KPMG,3.9,,,"Parttime, Fixed term contract",,False,,Auckland City,Auckland,-36.85,174.7833,"r,git,excel,sql","statistics,cleansing,analytics","critical thinking,communication,flexible,attention to detail,verbal communication"
new zealand joint registry data entry administrator,11-06-2022,New Zealand Orthopaedic Association,,,,Fulltime,,False,,Christchurch City,Canterbury,,,,,"organisational,data entry,communication,management,sense of humour,customer service,time management,team player,literacy,computer literacy"
data center engineering,16-05-2022,Amazon DataServices NewZealand,3.5,,,Fulltime,,False,,Auckland City,Auckland,-36.85,174.7833,amazon web services,,"planning,energetic,reporting,management,risk management,customer service,project management,it,leadership"
data entry administrator,31-05-2022,Avis Budget Group,3.5,,,Fulltime,,True,Hybrid,Auckland City,Auckland,-36.85,174.7833,,,"data entry,communication,flexible,reporting,attention to detail,training"
data migration lead,08-06-2022,Duco Consultancy,,,,,,False,,Auckland City,Auckland,-36.85,174.7833,oracle,etl,"data analysis,communication,administration,analysis"
data analyst,16-05-2022,KPMG,3.9,,,"Fulltime, Permanent",,False,,Auckland City,Auckland,-36.85,174.7833,"r,excel",analytics,"analytical,consulting,communication,flexible,innovative,data analysis,verbal communication,analysis"
data and analytics developer,26-05-2022,Synlait,4.7,,,Fulltime,,False,,Dunsandel,Canterbury,-43.66,172.195,"power bi,cloud,sql server,sql","machine learning,data mining,etl,analytics","organisation,data management,communication,reporting,management,confidence,business intelligence,it,analysis"
revenue and data analyst,16-05-2022,JUCY,4.2,,,,,False,,Auckland City,Auckland,-36.85,174.7833,,,"planning,management,negotiation,it,conflict resolution,leadership"
data centre operations manager,16-05-2022,Amazon DataServices NewZealand,3.5,,,Fulltime,,False,,Auckland City,Auckland,-36.85,174.7833,"linux,amazon web services",data mining,"planning,written communication,communication,innovative,management,project management,it,administration,leadership,people management,literacy"
fulfillment lead  data,26-05-2022,Vocus Communications,3.9,,,Fulltime,Masters,False,,Auckland City,Auckland,-36.85,174.7833,,,"communication,flexible,motivated,teamwork,multitasking,attention to detail,it,team player,cooperation"
data engineer,15-06-2022,EY,4.0,,,,Masters,False,,Auckland City,Auckland,-36.85,174.7833,"kafka,azure,cloud,aws,powerbi,cognos,spark","ai,pipeline,etl,analytics,blockchain","coaching,consulting,reporting,confidence,business intelligence,leadership,presenting,training"
data engineer  newmarket,15-06-2022,Metlifecare,2.6,,,"Fulltime, Permanent",,False,,Newmarket,Auckland,,,sql,"etl,analytics","data management,communication,flexible,reporting,management,stakeholder management,it,administration"
insite specialist surface data logging,11-06-2022,Halliburton,3.9,,,Fulltime,Masters,False,,New Plymouth,Taranaki,-39.0578,174.0742,,,"communication,reporting,data entry,training"
business analyst data  reporting,16-05-2022,Waste Management,3.8,,,"Fulltime, Permanent",,True,Temporarily,Auckland City,Auckland,-36.85,174.7833,"python,ssrs,azure,sql,cloud,excel",etl,"analytical,collaboration,mentoring,reporting,management,it,personal development,training"
matanga kohi raraunga  data collection specialist  east auckland fixed term,14-06-2022,Statistics New Zealand,4.5,,,"Parttime, Fixed term contract",,True,Fully,Auckland City,Auckland,-36.85,174.7833,,statistics,"organisation,communication,collaboration,flexible,management,negotiation,attention to detail,time management,it,literacy,training"
data engineer data visualisation,16-05-2022,Westpac,3.9,,,Permanent,,False,,,,,,"power bi,snowflake,oracle,python,azure,sql,cloud,git",ai,"data analysis,management,administration,reporting"
data engineer,10-06-2022,Baker Tilly Staples Rodway,,,,,,False,,Hastings,Hawke's Bay,,,"azure,cloud,sql server,sql,google cloud",analytics,"decision making,organisation,data management,communication,flexible,reporting,management,customer service,analysis"
data  analytics consultant,17-05-2022,KPMG,3.9,,,"Fulltime, Permanent",,False,,Auckland City,Auckland,-36.85,174.7833,"python,azure,sql,cloud,scala,c,google cloud,aws,r","statistics,artificial intelligence,analytics","organisation,consulting,communication,flexible,management,verbal communication"
data analyst excelcustomer operations analyst,16-05-2022,MYOB,3.5,,,Permanent,,False,,Auckland City,Auckland,-36.85,174.7833,"tableau,snowflake,excel,sql",,"business management,flexible,reporting,management,it,writing,analysis,training"
specialist sales data  ai new zealand,13-06-2022,Microsoft,4.2,,,Fulltime,,False,,Auckland City,Auckland,-36.85,174.7833,cloud,"artificial intelligence,ai,analytics","planning,organisation,consulting,reporting,management,it"
tech lead  data,25-05-2022,Techspace,,,,Fulltime,,False,,Auckland City,Auckland,-36.85,174.7833,"aws,s3,lambda,cloud",pipeline,"leadership,personal development"
data center operations manager,16-05-2022,Amazon DataServices NewZealand,3.5,,,Fulltime,,False,,Auckland City,Auckland,-36.85,174.7833,linux,data mining,"coaching,planning,communication,management,managing a team,people management,project management,administration,presentation,literacy"
tv data entry operator morning shift,26-05-2022,Nielsen,3.8,,,Fulltime,,False,,Auckland City,Auckland,-36.85,174.7833,,research,"listening,data entry,typing,attention to detail,confidence,research"
data and reporting analyst,16-05-2022,Credit Corp Solutions Inc,,,,Fulltime,,False,,Auckland City,Auckland,-36.85,174.7833,"sas,sql","visualization,data mining,cleansing,analytics","organisational,analytical,organisation,critical thinking,communication,reporting,data analysis,management,attention to detail,resourceful,customer service,project management,it,analysis"
senior data technicians  cabling and telephony,16-05-2022,OCL,,,,Fulltime,,False,,Auckland City,Auckland,-36.85,174.7833,excel,,"planning,organisation,customer service,it,literacy,computer literacy"
senior data analyst,16-05-2022,Equifax,,,,Fulltime,,False,,Auckland City,Auckland,-36.85,174.7833,"python,sql,cloud,google cloud,r,tableau",analytics,"written communication,communication,data analysis,confidence,it,leadership,analysis,training"
data steward,27-05-2022,FinXL,,,,Fixed term contract,,False,,Auckland City,Auckland,-36.85,174.7833,power bi,,"independent,planning,organisation,data management,collaboration,reporting,innovative,management,training"
analytics gotomarket gtm specialist new zealand data  analytics,16-05-2022,Amazon Web Services NZL Ltd,,,,Fulltime,,False,,Auckland City,Auckland,-36.85,174.7833,"redshift,oracle,kafka,sql,cloud,sql server,hadoop,amazon web services,aws,spark",analytics,"written communication,communication,innovative,management,it,leadership"
manager assurance forensic data analytics,06-06-2022,EY,4.0,,,,,False,,Auckland City,Auckland,-36.85,174.7833,"oracle,sas,sql","statistics,recommendations,analytics","decision making,coaching,analytical,consulting,communication,team player,reporting,management,maths,verbal communication,project management,it,leadership,presentation,analysis"
network master data specialist,08-06-2022,NZ Post,4.1,,,Permanent,Masters,False,,Auckland City,Auckland,-36.85,174.7833,"powerbi,sql","dashboard,cleansing","productivity,planning,reporting,data analysis,management,stakeholder management,relationship management,it,analysis"
senior data consultant dwbig datadata analytics,28-05-2022,Servian,,,,Permanent,,True,Fully,Auckland City,Auckland,-36.85,174.7833,"gcp,azure,cloud,sql,google cloud,aws","deep learning,visualization,machine learning,computer vision,natural language processing,artificial intelligence,analytics","organisation,consulting,communication,management,leadership,analysis,training"
senior eresearch engagement specialist  data safe haven service design,02-06-2022,The University of Auckland,4.4,,,Fulltime,,True,Fully,Auckland City,Auckland,-36.85,174.7833,dash,"research,exploratory","planning,data management,persistent,enthusiastic,communication,collaboration,flexible,management,research,presentation"
data governance specialist,16-05-2022,Auckland Transport,3.8,,,Permanent,,True,Temporarily,Auckland City,Auckland,-36.85,174.7833,,analytics,"independent,analytical,data management,critical thinking,communication,collaboration,data analysis,management,relationship management,it,analysis,training"
data center network technician,16-05-2022,Amazon DataServices NewZealand,3.5,,,Fulltime,Bachelors,False,,Auckland City,Auckland,-36.85,174.7833,aws,,"troubleshooting,analytical,communication,motivated,reporting,management,project management,time management,it,networking"
senior data consultant  auckland,16-05-2022,Spark New Zealand,3.8,,,"Fulltime, Permanent",,True,Temporarily,Auckland City,Auckland,-36.85,174.7833,"power bi,snowflake,oracle,python,ssrs,azure,sql,cloud,sql server,aws,tableau,qlik,spark",analytics,"organisational,consulting,communication,collaboration,flexible,reporting,innovative,business intelligence,it"
data  insights analyst  mico new zealand,02-06-2022,Mico,3.6,,,Fulltime,,False,,Auckland City,Auckland,-36.85,174.7833,"snowflake,qlik,cloud",analytics,"it,training"
senior data insight analyst,15-06-2022,FUJIFILM,3.7,,,Fulltime,,False,,Auckland City,Auckland,-36.85,174.7833,"power bi,excel",,"decision making,planning,analytical,organisation,reporting,business intelligence,it,presentation"
data lead,16-05-2022,Power IT Service,,135000.0,year,Fixed term contract,,False,,Auckland City,Auckland,-36.85,174.7833,,cleansing,"planning,project management"
data center it support engineer,21-05-2022,Amazon DataServices NewZealand,3.5,,,Fulltime,,False,,Auckland City,Auckland,-36.85,174.7833,"python,cloud,s3,amazon web services,aws,ec2,ruby,perl",,"troubleshooting,communication,flexible,reporting,management,project management,it,administration,personal development,analysis"
data entry  accounts payable,16-05-2022,Canterbury District Health Board,,,,Fulltime,,False,,Christchurch,Canterbury,-43.5309,172.6365,oracle,,"coaching,data entry,typing,communication,mentoring,attention to detail,it"
financial data  reporting analyst,16-05-2022,Countdown NZ,3.8,,,Fulltime,,False,,,,,,"cognos,excel",,"decision making,analytical,energetic,reporting,management,it,analysis"
data governance analyst  data management office,14-06-2022,ASB Bank,4.4,,,Fulltime,,False,,Auckland City,Auckland,-36.85,174.7833,,,"organisation,analytical,data management,flexible,management,it"
data  analytics operations manager,16-05-2022,Fulton Hogan,3.8,,,Fulltime,,True,Fully,Silverdale,Auckland,,,"power bi,azure,python,cloud","dashboard,etl,analytics","troubleshooting,analytical,critical thinking,communication,customer care,mentoring,reporting,management,people management"
senior data scientist,16-05-2022,Eliiza,,,,,Bachelors,True,Fully,Auckland City,Auckland,-36.85,174.7833,"r,python,cloud","chatbot,prediction,statistics,recommendations,machine learning","decision making,consulting,collaboration,maths,leadership,analysis"
senior eresearch engagement specialist  data safe haven service design,02-06-2022,University of Auckland,4.4,,,Fulltime,,True,Fully,Auckland City,Auckland,-36.85,174.7833,dash,"research,exploratory","planning,data management,persistent,enthusiastic,communication,collaboration,flexible,management,research,presentation"
data consultant  auckland,16-05-2022,Spark New Zealand,3.8,,,"Fulltime, Permanent",,True,Temporarily,Auckland City,Auckland,-36.85,174.7833,"power bi,snowflake,oracle,python,ssrs,azure,cloud,sql,sql server,aws,tableau,qlik,spark",analytics,"organisational,commercial awareness,consulting,communication,collaboration,flexible,reporting,innovative,business intelligence,it"
cmms data management,16-05-2022,Babcock International,3.6,,,,Masters,True,Fully,,,,,excel,,"data management,communication,reporting,management,it"
matanga kohi raraunga  data collection specialist  hawkes bay,19-05-2022,Statistics New Zealand,4.5,,,"Parttime, Permanent",,True,Fully,,,,,,statistics,"organisation,communication,collaboration,flexible,innovative,negotiation,attention to detail,customer service,it,literacy,training"
data scientist contract,24-05-2022,Salt Recruitment,,,,Fixed term contract,,True,Hybrid,Auckland City,Auckland,-36.85,174.7833,azure,"deep learning,machine learning,artificial intelligence,data mining,statistics,recommendations,analytics",organisation
data engineer,18-05-2022,New Zealand Trade and Enterprise,,,,"Fulltime, Permanent",,False,,Auckland City,Auckland,-36.85,174.7833,"google analytics,azure,sql,sql server,cloud,powerbi","ai,analytics","communication,organisation,analysis"
data consultant,16-05-2022,Eliiza,,,,,,True,Fully,Auckland City,Auckland,-36.85,174.7833,"python,sql,cloud,r,powerbi,tableau","machine learning,exploratory,analytics","consulting,collaboration,reporting,data analysis,management,time management,leadership,writing,analysis"
temporary data administrator,27-05-2022,Madison Recruitment,3.6,,,Fulltime,,True,Fully,Rodney County,Auckland,,,,,"organisation,attention to detail"
data migration analyst,21-05-2022,Deloitte,4.0,,,"Fulltime, Permanent",,False,,Auckland City,Auckland,-36.85,174.7833,"oracle,sql","cleansing,analytics","data management,consulting,communication,innovative,management,project management,it,leadership,analysis"
data steward,16-05-2022,Westpac,3.9,,,Fixed term contract,,False,,Auckland City,Auckland,-36.85,174.7833,power bi,analytics,"data management,collaboration,flexible,reporting,management,risk management,presenting,training"
data engineer,16-05-2022,NZME,4.8,,,,,False,,Auckland City,Auckland,-36.85,174.7833,"linux,python,hive,bigquery,gcp,cloud,sql,s3,hadoop,google cloud,aws,git,ec2,airflow","pipeline,machine learning,etl,analytics","troubleshooting,analytical,team player,flexible,management,sense of humour,it,personal development"
senior consultant  data governance,16-05-2022,Eliiza,,,,,Masters,True,Fully,Auckland City,Auckland,-36.85,174.7833,,"ai,etl,recommendations,analytics,machine learning","analytical,organisation,data management,collaboration,flexible,management,attention to detail,business intelligence,it,leadership,training"
advisory manager  ai  data,16-05-2022,Deloitte,4.0,,,"Fulltime, Permanent",,False,,Auckland City,Auckland,-36.85,174.7833,cloud,"artificial intelligence,analytics","coaching,organisational,data management,consulting,communication,mentoring,management,it,leadership,analysis,training"
mlopsdata engineer job id  215,15-06-2022,Maslow NZ Limited,,,,,,False,,Auckland City,Auckland,-36.85,174.7833,cloud,"research,ai,machine learning","relationship building,communication,collaboration,flexible,motivated,nonverbal communication,management,verbal communication,relationship management,respectful,research,training"
junior data architect,11-06-2022,Department of Corrections,3.8,,,Permanent,,True,Temporarily,Wellington City,Wellington,-41.2889,174.7772,sql,recommendations,"planning,organisation,flexible,management,it,leadership,presentation"
databi tester,13-06-2022,Resync,,100.0,hour,Subcontract,,False,,Auckland City,Auckland,-36.85,174.7833,,,"coaching,organisation,planning,consulting,motivated"
gisasset data technician auckland,10-06-2022,Ergo Consulting,,,,Fulltime,,False,,Auckland City,Auckland,-36.85,174.7833,,,"communication,attention to detail"
data and automation analyst,10-06-2022,Nelson City Councill,,,,,,True,Hybrid,Nelson,Nelson,-41.2931,173.2381,"excel,azure",,"organisation,data management,flexible,reporting,management,it,presentation"
data entry and admin support,16-05-2022,Momentum Consulting Group,5.0,,,Fixed term contract,,False,,Auckland City,Auckland,-36.85,174.7833,,,"data entry,communication,management,work ethic,attention to detail,customer service,time management,administration"
data center operations cluster manager,16-05-2022,Amazon DataServices NewZealand,3.5,,,Fulltime,,False,,Auckland City,Auckland,-36.85,174.7833,"linux,powerpoint,unix,cloud,excel,aws",forecasting,"emotional intelligence,planning,written communication,critical thinking,communication,reporting,management,adaptability,project management,time management,strategic planning,it,administration,leadership,analysis"
data integrity team member parttime albany,16-05-2022,Mitre10,3.7,,,"Fulltime, Permanent",,False,,Auckland City,Auckland,-36.85,174.7833,,,"independent,analytical,management,multitasking,attention to detail,it"
transaction data analystadmin,14-06-2022,Rabobank,4.0,,,Fulltime,,False,,Hamilton,Waikato,-37.7833,175.2833,,,"analytical,communication,flexible,management,administration,writing"
statistical and data analyst  kaitātari tauanga me ngā raraunga  census insights,16-05-2022,Statistics New Zealand,4.5,,,"Fulltime, Fixed term contract",,False,,Christchurch,Canterbury,-43.5309,172.6365,"r,excel","research,statistics","troubleshooting,coaching,communication,collaboration,flexible,reporting,data analysis,verbal communication,it,research,analysis"
data lead,16-05-2022,Accident Compensation Corporation,4.0,,,,,False,,Wellington City,Wellington,-41.2889,174.7772,salesforce,"visualization,dashboard","writing,analysis"
data architect,02-06-2022,Absolute IT Recruitment Specialists,,,,"Fulltime, Permanent",Masters,True,Fully,Auckland City,Auckland,-36.85,174.7833,"oracle,python,mapreduce,azure,sas,sql,cloud,mongodb,nosql,hadoop,aws,cassandra","data mining,ai,machine learning","management,data management,team building,business intelligence"
optimization data analyst,16-05-2022,CAE Inc.,,,,Fulltime,,True,Fully,Auckland City,Auckland,-36.85,174.7833,"excel,python","research,optimization","communication,collaboration,flexible,reporting,innovative,verbal communication,research,analysis,training"
finance master data specialist  6 month fixed term,16-05-2022,Foodstuffs North Island,4.0,,,Fixed term contract,Masters,False,,Mangere,Auckland,,,,,communication
cloud support engineer  big data,16-05-2022,Amazon Web Services NZL Ltd,,,,Fulltime,Masters,False,,Auckland City,Auckland,-36.85,174.7833,"ec2,sagemaker,hive,spark,mongodb,cloud,tensorflow,nosql,hadoop,mxnet,s3,amazon web services,aws,cassandra,airflow","artificial intelligence,etl,machine learning","troubleshooting,administration,communication,networking,leadership,training"
graduate data  automation analyst  wellington,14-06-2022,Stantec,,,,"Fulltime, Parttime, Graduate",,False,,Wellington City,Wellington,-41.2889,174.7772,,gis,"coordination,communication,creativity,planning"
lead data engineer,25-05-2022,Westpac,3.9,,,Permanent,,True,Fully,Auckland City,Auckland,-36.85,174.7833,"sql,docker,linux,git",,"coaching,consulting,mentoring,thinking outside the box,it,networking"
data analytics and insights manager,16-05-2022,Deloitte,4.0,,,"Fulltime, Permanent",,False,,Wellington City,Wellington,-41.2889,174.7772,"python,sas,sql,sql server,tableau","statistics,analytics","innovative,it,reporting,communication"
data  bi specialist,03-06-2022,Alexander James,,,,"Fulltime, Permanent",,False,,Auckland City,Auckland,-36.85,174.7833,"power bi,ssrs,sql server,sql","data mining,etl,analytics","organisation,analytical,reporting,management,business intelligence,business acumen"
new vehicle data  reporting analyst,18-05-2022,Toyota,4.0,,,,Masters,False,,Palmerston North,Manawatu,-40.3549,175.6095,"power bi,excel",,"organisation,flexible,reporting,data analysis,attention to detail,it,leadership,analysis"
asset database assistant  administration assistant,16-05-2022,Beca,4.8,,,,,False,,Tauranga,Bay of Plenty,-37.6858,176.1667,excel,,"analytical,data entry,flexible,reporting,innovative,management,data analysis,tenacity,administration,analysis"
data science lead,16-05-2022,The New Zealand Automobile Association Inc.,,,,Fulltime,,False,,Auckland City,Auckland,-36.85,174.7833,"r,tensor,sas,python","statistics,analytics","innovative,management,coaching,training"
data center construction manager new zealand data center planning  delivery,02-06-2022,Amazon Web Services NZL Ltd,,,,Fulltime,,False,,Auckland City,Auckland,-36.85,174.7833,"cloud,aws",optimization,"analytical,communication,motivated,reporting,innovative,management,negotiation,attention to detail,project management,administration,leadership"
technical data analyst,11-06-2022,Adecco Personnel Limited,3.8,,,Fulltime,,False,,Auckland City,Auckland,-36.85,174.7833,sql,,"communication,management,it,reporting"
product data management specialist,15-06-2022,BOEING,,,,,,False,,Wellington City,Wellington,-41.2889,174.7772,,,"data management,flexible,innovative,management,respectful"
lead data engineer,07-06-2022,Momentum Consulting Group,5.0,,,Fulltime,,False,,Auckland City,Auckland,-36.85,174.7833,"kafka,azure,cloud,hadoop,aws,spark",,"consulting,leadership"
temps for data entry reception accounts,16-05-2022,Personnel Resources,3.9,,,,,False,,Rotorua,Bay of Plenty,-38.1378,176.2514,,,"organisational,data entry,communication,flexible,management,work ethic,attention to detail,time management,administration"
data architect,16-05-2022,Auckland Council,4.0,,,"Fulltime, Permanent",Masters,False,,Auckland City,Auckland,-36.85,174.7833,"oracle,python,mapreduce,azure,mongodb,sql,cloud,nosql,hadoop,aws,cassandra","visualization,data mining,ai,machine learning","decision making,analytical,organisation,data management,communication,mentoring,teamwork,reporting,management,verbal communication,it,presentation"
chapter lead  data strategy risk and governance  data management office,15-06-2022,ASB Bank,4.4,,,Fulltime,,False,,Auckland City,Auckland,-36.85,174.7833,,,"organisation,data management,flexible,management,it,leadership"
data assurance senior associate,16-05-2022,PwC,4.0,,,Fulltime,,False,,Auckland City,Auckland,-36.85,174.7833,"power bi,python,sql,r,tableau,qlik",analytics,"coaching,analytical,supervising,flexible,innovative,management,training"
financial data insights analyst,03-06-2022,Absolute IT Recruitment Specialists,,,,"Fulltime, Permanent",,False,,Auckland City,Auckland,-36.85,174.7833,"sql server,tableau,sql",,"data management,consulting,reporting,management,customer service,it,analysis"
data entry admin,16-05-2022,HAYS,3.6,,,Fixed term contract,,False,,Auckland City,Auckland,-36.85,174.7833,,,"organisation,data entry,flexible,office administration,administration,training"
data warehouse developer full time health intelligence  informatics cm health,16-05-2022,Counties Manukau District Health Board,4.1,,,Fulltime,,True,Hybrid,Manukau City,Auckland,-37.0,174.885,,,"organisation,reporting,flexible,business intelligence"
data collector  auckland,27-05-2022,Madison Recruitment,3.6,,,Fulltime,,False,,Auckland City,Auckland,-36.85,174.7833,,research,"decision making,organisational,relationship building,communication,management,confidence,time management,research,training"
data and spatial information officer,03-06-2022,South Taranaki District Council,,,,,,False,,Hawera,Taranaki,-39.5833,174.2833,"cloud,sql",gis,"troubleshooting,organisational,communication,management,work ethic,attention to detail,customer service,verbal communication,business intelligence,time management,it,networking,presentation"
data engineer,14-06-2022,Cawthron Institute,,,,"Fulltime, Permanent",,False,,Nelson,Nelson,-41.2931,173.2381,"r,javascript,python","pipeline,research","independent,organisation,data management,communication,mentoring,motivated,management,sense of humour,it,research,cooperation"
data engineer  quantumblack,16-05-2022,McKinsey & Company,,,,,,False,,Auckland City,Auckland,-36.85,174.7833,"azure,gcp,sql,sql server,java,mongodb,cloud,scala,snowflake,oracle,python,unixlinux,mysql,nosql,aws,redshift,postgresql,c,cassandra","pipeline,machine learning,recommendations,analytics","analytical,organisation,listening,team building,enthusiastic,communication,teamwork,innovative,management,networking,attention to detail,creativity,leadership,training"
data collector  west coast,28-05-2022,Madison Recruitment,3.6,,,Fulltime,,False,,,West Coast,,,,research,"decision making,organisational,relationship building,communication,management,confidence,time management,research,training"
data engineer  software,16-05-2022,Countdown NZ,3.8,,,Fulltime,,False,,,,,,"python,gcp,sql,cloud,google cloud","machine learning,artificial intelligence,ai,analytics","decision making,it,energetic"
data and reporting analyst,16-05-2022,Waikato Institute of Technology,,,,Permanent,Masters,False,,Hamilton,Waikato,-37.7833,175.2833,,"research,forecasting","decision making,organisation,analytical,flexible,reporting,innovative,attention to detail,business intelligence,research"
senior data analyst,16-05-2022,HAYS,3.6,,,Permanent,,False,,Tauranga,Bay of Plenty,-37.6858,176.1667,"snowflake,python",analytics,"analytical,data management,innovative,management,data analysis,analysis"
master data specialist,16-05-2022,Mitre10,3.7,,,Fixed term contract,Masters,False,,North Shore City,Auckland,,,excel,,"flexible,reporting,management,it,administration,team player,analysis"
gis data remediation technician,,Top Energy,3.5,,,,,False,,Kerikeri,Northland,-35.2244,173.9514,,gis,"data entry,reporting,office administration,attention to detail,it,administration"
sr software developer  data analytics,15-06-2022,Verizon,3.9,,,Fulltime,,False,,Christchurch,Canterbury,-43.5309,172.6365,"snowflake,nodejs,sql,c,javascript,net",analytics,"communication,reporting,management,it,writing"
data engineers,16-05-2022,Spider Tracks Limited,,,,Fulltime,,True,Fully,,,,,"python,lambda,cloud,s3,aws",analytics,"productivity,management,it,business intelligence"
senior architect  data team,16-05-2022,Xero,4.5,,,Permanent,,True,Temporarily,Wellington City,Wellington,-41.2889,174.7772,,"machine learning,research,recommendations,analytics","organisation,critical thinking,communication,collaboration,flexible,management,visual communication,business intelligence,business analysis,research,interpersonal communication,literacy,analysis"
data entry administrator,26-05-2022,Beyond Recruitment,3.0,,,Fixed term contract,,False,,Wellington City,Wellington,-41.2889,174.7772,,,"administration,attention to detail,data entry,reporting"
senior data product manager,16-05-2022,Change Healthcare,,,,Fulltime,,True,Temporarily,Auckland City,Auckland,-36.85,174.7833,sql,pipeline,"planning,analytical,innovative,management,negotiation,it,business acumen,literacy"
cloud engineer  storage data in transit,16-05-2022,Amazon Web Services NZL Ltd,,,,Fulltime,,False,,Auckland City,Auckland,-36.85,174.7833,"python,cloud,unixlinux,s3,amazon web services,aws",,"troubleshooting,communication,networking,it,administration,leadership,training"
graduate  junior software engineer in data,16-05-2022,EROAD,3.8,,,Fulltime,Masters,False,,Auckland City,Auckland,-36.85,174.7833,"sql,cloud,aws,javascript,java","research,analytics","mentoring,flexible,research,presenting,training"
data engineer,30-05-2022,Gallagher Group,,,,Fulltime,,True,Hybrid,Hamilton,Waikato,-37.7833,175.2833,"r,python,azure,sql,pyspark","visualization,pipeline,cleansing,statistics,research,machine learning","troubleshooting,analytical,organisation,data management,communication,flexible,reporting,management,attention to detail,business intelligence,it,creativity,research,writing"
senior applications and data developer,16-05-2022,Hawke's Bay District Health Board,3.7,,,Fulltime,,False,,Hastings,Hawke's Bay,,,,,"innovative,communication,management,teamwork"
data collector  taranaki,27-05-2022,Madison Recruitment,3.6,,,Fulltime,,False,,,Taranaki,,,,research,"decision making,organisational,relationship building,communication,management,confidence,time management,research,training"
senior people systems and data analyst,10-06-2022,Department of Conservation,4.4,,,Permanent,,True,Temporarily,Wellington City,Wellington,-41.2889,174.7772,"power bi,powerbi",analytics,"decision making,planning,organisational,organisation,written communication,critical thinking,communication,flexible,reporting,management,attention to detail,it,analysis"
contract payroll administrator data entry,31-05-2022,Alexander James,,,,Fixed term contract,,False,,Auckland City,Auckland,-36.85,174.7833,,,"it,organisation,attention to detail,motivated"
lead  senior  data engineer,16-05-2022,ClearPoint NZ,,,,"Permanent, Fixed term contract",,True,Fully,Auckland City,Auckland,-36.85,174.7833,"kafka,cloud,hadoop,google cloud,aws,java,salesforce,react",,"collaboration,flexible,innovative,it,networking,training"
lead data analytics,04-06-2022,Potentia,,,,Permanent,,False,,Auckland City,Auckland,-36.85,174.7833,"r,python,sql","research,analytics","coaching,organisation,entrepreneurial,collaboration,innovative,research,writing"
data engineer  sas,16-05-2022,Westpac,3.9,,,Permanent,,False,,Auckland City,Auckland,-36.85,174.7833,"kafka,azure,sas,cloud,hadoop,github",tuning,"planning,communication,innovative,management,it,administration"
data assurance manager or senior manager,16-05-2022,PwC,4.0,,,Fulltime,,False,,Auckland City,Auckland,-36.85,174.7833,"power bi,oracle,python,sql,sql server,r,qlik","recommendations,analytics","coaching,analytical,data management,relationship building,communication,flexible,management,stakeholder management,project management,presentation,training"
data center regional electrical field engineer,16-05-2022,Amazon DataServices NewZealand,3.5,,,Fulltime,,False,,Auckland City,Auckland,-36.85,174.7833,aws,recommendations,"communication,flexible,innovative,management,attention to detail,leadership,writing,analysis,training"
data analyst excelcustomer operations analyst,16-05-2022,Axsys,,,,,,False,,Auckland City,Auckland,-36.85,174.7833,"tableau,snowflake,excel,sql",,"business management,flexible,reporting,management,it,writing,analysis,training"
data analyst,09-06-2022,Potentia,,,,Permanent,,False,,Hamilton,Waikato,-37.7833,175.2833,"power bi,ssrs,azure,sql,cloud,sql server,excel,c","etl,analytics","organisation,reporting,innovative,management,data analysis,it,leadership,analysis"
data analyst,11-06-2022,Land Information NZ,,,,Fulltime,,False,,Wellington City,Wellington,-41.2889,174.7772,"power bi,excel,sql",analytics,"planning,organisational,organisation,analytical,communication,flexible,reporting,data analysis,management,risk management,confidence,business acumen,analysis"
data engineer,16-05-2022,SG Consulting Limited,,,,"Fulltime, Permanent",,False,,Auckland City,Auckland,-36.85,174.7833,"oracle,excel,vba,sql","recommendations,etl","planning,analysis"
data engineer  role description,08-06-2022,PikPok,,,,,,False,,Wellington City,Wellington,-41.2889,174.7772,cloud,analytics,"troubleshooting,organisation,analytical,collaboration,motivated,reporting,business intelligence,respectful,it,personal development,training"
data entry operator,26-05-2022,Adecco Personnel Limited,3.8,,,Fixed term contract,,False,,Hutt Valley,Wellington,,,,,"communication,written communication"
new zealand joint registry data entry administrator,11-06-2022,McLaren Associates,,,,"Fulltime, Permanent",,False,,,,,,,research,"organisational,data entry,communication,management,sense of humour,customer service,time management,research,team player,literacy,computer literacy"
data collector  northland,30-05-2022,Madison Recruitment,3.6,,,Fulltime,,False,,,Northland,,,,research,"decision making,organisational,relationship building,communication,management,confidence,time management,research,training"
manager business analysis  data,11-06-2022,NZ Ministry of Education,4.1,,,"Fulltime, Permanent",,False,,Wellington City,Wellington,-41.2889,174.7772,"power bi,sql",ai,"analytical,organisation,data management,written communication,communication,collaboration,reporting,data analysis,management,project management,it,business analysis,presentation,analysis"
senior cloud architect  data analytics  open location  new zealand aws professional services,16-05-2022,Amazon Web Services NZL Ltd,,,,Fulltime,,True,Fully,,,,,"redshift,python,hive,kafka,sql,cloud,s3,hadoop,nosql,amazon web services,aws,ec2,java,solr,spark","pipeline,dashboard,tuning,analytics","analytical,organisation,consulting,reporting,innovative,management,project management,it,leadership,analysis"
senior architect  data,16-05-2022,Xero,4.5,,,Permanent,,True,Temporarily,Auckland City,Auckland,-36.85,174.7833,,"machine learning,research,recommendations,analytics","organisation,critical thinking,communication,collaboration,flexible,management,visual communication,business intelligence,business analysis,research,interpersonal communication,literacy,analysis"
senior data analyst,16-05-2022,PredictHQ,,,,Fulltime,,True,Fully,,,,,"jupyter,python","visualization,machine learning,forecasting,data mining,cleansing,analytics","planning,collaboration,reporting,data analysis,team player,writing,analysis,training"
human resource data analyst,08-06-2022,Robert Walters,,,,,,False,,Wellington City,Wellington,-41.2889,174.7772,,analytics,"decision making,communication,written communication"
accounting data and automation partner,16-05-2022,Spark New Zealand,3.8,,,"Fulltime, Permanent",,False,,Wellington City,Wellington,-41.2889,174.7772,spark,analytics,"it,motivated,reporting"
data and senior data engineer productivity engineering,16-05-2022,Xero,4.5,,,Permanent,,False,,Wellington City,Wellington,-41.2889,174.7772,"snowflake,python,kubernetes,lambda,sql,cloud,s3,aws,airflow","visualization,dashboard,etl,analytics,machine learning","productivity,organisation,flexible,business intelligence,analysis"
data storyteller,,ANZ Banking Group,4.1,,,,,False,,,,,,,analytics,"reporting,relationship building,communication,data analysis,analysis,presentation,flexible,business acumen,it,literacy,collaboration,organisation,innovative"
claims and data administrator,14-01-2023,University of Auckland,4.4,,,Fulltime,,True,Fully,Auckland City,Auckland,-36.85,174.7833,excel,recommendations,"management,data analysis,administration,analysis,flexible,it,attention to detail,analytical,organisation,presenting,leadership"
data and reporting administrator,14-01-2023,University of Auckland,4.4,,,Fulltime,,False,,Auckland City,Auckland,-36.85,174.7833,"excel,salesforce",research,"reporting,research,management,customer service,data analysis,administration,analysis,organisational,flexible,organisation"
matanga kohi raraunga  data collection specialist  south auckland  north wai,18-01-2023,New Zealand Government,2.6,,,Parttime,,True,Fully,,,,,,,"coaching,time management,customer service,management,training,literacy,attention to detail"
remuneration and hris data analyst,18-01-2023,Airways,,,,"Fulltime, Permanent",,False,,Auckland City,Auckland,-36.85,174.7833,,analytics,"reporting,management,communication,data analysis,analysis,it,relationship management,organisational,organisation,presenting"
matanga kohi raraunga  data collection specialist whakatāne  eastern bay of p,18-01-2023,New Zealand Government,2.6,,,Parttime,,True,Fully,,Bay of Plenty,,,,,"coaching,time management,customer service,management,training,literacy,attention to detail"
data scientist,12-01-2023,New Zealand Government,2.6,,,Fulltime,Masters,False,,Auckland City,Auckland,-36.85,174.7833,"cloud,git,sql,azure,python","research,graph,statistics,machine learning,analytics","research,communication,analysis,written communication,it,training,analytical"
expressions of interest  data engineer,14-01-2023,EY,3.9,,,"Fulltime, Parttime",Masters,False,,Auckland City,Auckland,-36.85,174.7833,"spark,powerbi,kafka,cognos,cloud,aws,azure","ai,pipeline,blockchain,etl,analytics","coaching,reporting,confidence,consulting,training,presenting,leadership,business intelligence"
matanga kohi raraunga  data collection specialist  manawaturangitikei,17-01-2023,New Zealand Government,2.6,,,Fulltime,,True,Fully,,Manawatu-Wanganui,,,,,"coaching,time management,customer service,management,flexible,training,literacy,attention to detail"
matanga kohi raraunga  data collection specialist  waikato,12-01-2023,New Zealand Government,2.6,,,Fulltime,,True,Fully,,Waikato,,,,,"coaching,time management,customer service,management,flexible,training,literacy,attention to detail"
matanga kohi raraunga  data collection specialist  manawaturangitikei,17-01-2023,Statistics New Zealand,4.3,,,"Fulltime, Permanent",,True,Fully,,Manawatu-Wanganui,,,,,"coaching,time management,customer service,management,flexible,training,literacy,attention to detail"
matanga kohi raraunga  data collection specialist wellingtonmanawatuwanganui  part time,17-01-2023,Statistics New Zealand,4.3,,,"Parttime, Permanent",,True,Fully,,Manawatu-Wanganui,,,,,"coaching,time management,customer service,management,flexible,training,literacy,attention to detail"
expressions of interest  senior data engineers  6 months contract,14-01-2023,ClearPoint NZ,,,,Fixed term contract,,True,Fully,,,,,"gcp,github,google cloud,salesforce,cloud,aws,sql,bigquery,azure,python",etl,"it,training,flexible,networking,collaboration,innovative"
kaitātari tauanga me ngā raraunga  statistical and data analyst  statistical business register,12-01-2023,Statistics New Zealand,4.3,,,"Fulltime, Permanent",,False,,,,,,"r,sas",statistics,"coaching,reporting,data analysis,analysis,flexible,training,analytical,leadership"
senior data governance analyst,13-01-2023,University of Auckland,4.4,,,Fulltime,,True,Fully,Auckland City,Auckland,-36.85,174.7833,,,"time management,management,communication,flexible,it,planning,analytical,collaboration,organisation"
data engineer,,Auckland Council,4.0,,,"Fulltime, Permanent",,False,,Auckland City,Auckland,-36.85,174.7833,"oracle,mongodb,hadoop,cassandra,cloud,mapreduce,nosql,sql,java,azure","segmentation,ai,machine learning,data mining","management,communication,mentoring,decision making,presentation,flexible,it,enthusiastic,verbal communication,analytical,data management,organisation"
manager  data and ai,17-01-2023,Accenture,4.0,,,Fulltime,,False,,Auckland City,Auckland,-36.85,174.7833,"spark,excel,azure","artificial intelligence,deep learning,research,statistics,ai,nlp,machine learning,computer vision,neural network,analytics","reporting,research,management,communication,data analysis,consulting,analysis,it,entrepreneurial,organisation,innovative,business management,people management"
senior data engineer,18-01-2023,ANZ Banking Group,4.1,,,,,False,,,,,,"spark,r,cloud,nosql,sql,sas,python",analytics,"organisation,analysis,management,flexible"
kaitātari raraunga me te pūrongo  data and reporting analyst,18-01-2023,New Zealand Government,2.6,,,"Fulltime, Permanent",,True,Fully,Wellington City,Wellington,-41.2889,174.7772,"cloud,excel,powerbi,tableau",analytics,"reporting,management,motivated,flexible,data management,organisation,innovative,leadership,business intelligence"
kaihautū tira kohinga raraunga  team leader data collection 12month fixedterm,13-01-2023,Statistics New Zealand,4.3,,,"Fulltime, Fixed term contract",,True,Fully,Christchurch,Canterbury,-43.5309,172.6365,"excel,salesforce",,"coaching,creativity,customer service,mentoring,communication,management,training,planning,flexible,leadership"
kaipūtaiao raraunga  data engineer,18-01-2023,New Zealand Government,2.6,,,"Fulltime, Permanent",,True,Fully,Wellington City,Wellington,-41.2889,174.7772,aws,pipeline,"management,analytical,it,flexible,data management,organisation"
kaitātari pūnaha raraunga  data system analyst,14-01-2023,Statistics New Zealand,4.3,,,"Fulltime, Permanent",,False,,Wellington City,Wellington,-41.2889,174.7772,r,statistics,"coaching,reporting,communication,analysis,training,flexible,leadership"
data analyst science surveillance  insights,11-01-2023,New Zealand Government,2.6,,,Fixed term contract,,False,,Wellington City,Wellington,-41.2889,174.7772,"r,sql",analytics,"reporting,management,communication,respectful,analysis,flexible,verbal communication,analytical,data management,innovative,leadership"
data manager  fisheries data services  niwa,14-01-2023,Science New Zealand,,,,Fixed term contract,,False,,Wellington City,Wellington,-41.2889,174.7772,"perl,sql,python,linux","statistics,research","research,management,flexible,it,enthusiastic,resilience,data management,organisation,writing"
business analyst  data,17-01-2023,New Zealand Government,2.6,,,"Fulltime, Permanent",,False,,Wellington City,Wellington,-41.2889,174.7772,"python,sql",,"data analysis,analysis,motivated,it,training,flexible,organisation"
research and data analyst,17-01-2023,"Ministry of Business, Innovation & Employment",4.1,,,"Fulltime, Permanent",,False,,Wellington City,Wellington,-41.2889,174.7772,"r,sql","statistics,ai,research,analytics","research,analytical,analysis,it,flexible"
data interception investigator,12-01-2023,New Zealand Government,2.6,,,Fulltime,,False,,Upper Hutt,Wellington,-41.1333,175.05,"r,python,java",research,"research,listening,communication,analysis,motivated,it,enthusiastic,verbal communication,flexible,leadership"
data technician,14-01-2023,Zespri,,,,,,False,,Mount Maunganui,Bay of Plenty,,,"power bi,excel",cleaning,"reporting,listening,communication,data entry,administration,it,flexible,attention to detail"
data analyst intelligence  insight specialist l2  international revenue strategy,17-01-2023,Inland Revenue Department - New Zealand,,,,"Fulltime, Permanent",,False,,Wellington City,Wellington,-41.2889,174.7772,"r,sql","recommendations,analytics","management,communication,work ethic,analysis,written communication,flexible,relationship management,critical thinking,analytical,energetic,organisation"
data processing technician,14-01-2023,AsureQuality,2.8,,,"Fulltime, Permanent",,False,,Lower Hutt,Wellington,-41.2167,174.9167,excel,,"management,communication,it,enthusiastic,verbal communication,data management,attention to detail"
senior database and integration specialist,17-01-2023,Fire and Emergency New Zealand,,,,,,True,Fully,,,,,"amazon web services,oracle,cognos,javascript,c,cloud,net,sql,azure,sql server","etl,machine learning,analytics","reporting,management,communication,data analysis,analysis,project management,planning,resilience,data management,organisation,business intelligence"
crash data processor,13-01-2023,New Zealand Government,2.6,,,Fulltime,,False,,Wellington City,Wellington,-41.2889,174.7772,,,"management,analysis,it,data management,attention to detail"
quality data coordinator,11-01-2023,Auckland District Health Board,,,,Fulltime,,False,,Auckland City,Auckland,-36.85,174.7833,excel,,"reporting,data entry,management,communication,computer literacy,it,literacy,data management"
data engineer,14-01-2023,HAYS,3.6,,,Fixed term contract,,True,Fully,Auckland City,Auckland,-36.85,174.7833,"snowflake,git,powerbi,sql","pipeline,etl","collaboration,organisation,communication"
data quality specialist,12-01-2023,Emergent,,,,,,False,,Auckland City,Auckland,-36.85,174.7833,"oracle,sql",cleansing,"reporting,management,communication,data analysis,analysis,it,organisation"
asset data analyst,17-01-2023,New Zealand Government,2.6,,,Fulltime,,False,,Wellington City,Wellington,-41.2889,174.7772,"r,power bi,sql,azure,python,tableau,ssrs",analytics,"reporting,management,communication,data analysis,analysis,presentation,it,training,analytical,data management,collaboration"
senior geoscience data advisor,17-01-2023,"Ministry of Business, Innovation & Employment",4.1,,,"Fulltime, Permanent",,False,,Wellington City,Wellington,-41.2889,174.7772,"r,python",ai,"mentoring,management,communication,work ethic,it,data management"
data transition specialist,11-01-2023,LEAP Legal Software,,,,Fulltime,,True,Fully,Auckland City,Auckland,-36.85,174.7833,"cloud,sql",,"reporting,management,decision making,productivity,it"
matanga kohi raraunga  data collection specialist wellingtonmanawatuwanganui,17-01-2023,New Zealand Government,2.6,,,Parttime,,True,Fully,,,,,,,"coaching,time management,customer service,management,training,literacy,attention to detail"
director data services,14-01-2023,New Zealand Government,2.6,,,"Fulltime, Permanent",,False,,Wellington City,Wellington,-41.2889,174.7772,,analytics,"reporting,management,it,navigation,team player,flexible,data management,organisation,leadership"
senior data analysis  visualisation lead,16-01-2023,New Zealand Government,2.6,,,Fulltime,Masters,False,,Wellington City,Wellington,-41.2889,174.7772,power bi,analytics,"reporting,management,data analysis,analysis,it,training,project management,organisational,flexible,data management,leadership,business intelligence"
mātanga whakaputa raraunga  data publishing consultant  data management,12-01-2023,Statistics New Zealand,4.3,,,"Fulltime, Fixed term contract",Masters,False,,Wellington City,Wellington,-41.2889,174.7772,"sas,sql",statistics,"coaching,reporting,management,communication,analysis,it,training,flexible,data management,organisation,attention to detail,leadership"
data entry administrator,17-01-2023,Randstad,3.7,,,Fixed term contract,,False,,Wellington City,Wellington,-41.2889,174.7772,,,"time management,customer service,management,data entry"
data engineer,13-01-2023,New Zealand Government,2.6,,,Fulltime,,False,,Wellington City,Wellington,-41.2889,174.7772,"rpython,power bi,azure,sql",etl,"data analysis,analysis,it,analytical,organisation"
kaihanga tauanga me ngā raraunga  data tech,11-01-2023,Programmed,2.8,,,Casual,,False,,Christchurch,Canterbury,-43.5309,172.6365,r,statistics,"it,attention to detail"
enterprise data steward,12-01-2023,New Zealand Government,2.6,,,Fulltime,,False,,Wellington City,Wellington,-41.2889,174.7772,react,,"dedication,listening,communication,management,tenacity,confidence,decision making,it,flexible,data management,organisation,leadership"
senior project manager  ecommerce and data,12-01-2023,HAYS,3.6,,,Fixed term contract,,False,,Auckland City,Auckland,-36.85,174.7833,,,"project management,management,communication"
data quality administrator,12-01-2023,Programmed,2.8,,,Fixed term contract,,False,,Wellington City,Wellington,-41.2889,174.7772,,"statistics,cleaning","data analysis,work ethic,analysis,it,collaboration,organisation,attention to detail"
senior consultant  risk remediation  holidays act data  new zealand,15-01-2023,EY,3.9,,,,,False,,Auckland City,Auckland,-36.85,174.7833,"sql server,python,sql","etl,analytics","decision making,consulting,analysis,motivated,training"
general manager business support  data  digital,11-01-2023,New Zealand Government,2.6,,,"Fulltime, Permanent",,False,,Wellington City,Wellington,-41.2889,174.7772,,,"reporting,management,communication,business analysis,analysis,business acumen,it,risk management,planning,team player,organisational,flexible,organisation,leadership,writing"
pa to the head of data operations,13-01-2023,"Ministry of Business, Innovation & Employment",4.1,,,"Fulltime, Permanent",,False,,Wellington City,Wellington,-41.2889,174.7772,,ai,"communication,administration,it,flexible,attention to detail"
data repair officer  evening role,17-01-2023,Programmed,2.8,,,Fixed term contract,,False,,Auckland City,Auckland,-36.85,174.7833,,,"work ethic,motivated,team player,energetic,attention to detail"
data developer,18-01-2023,Momentum Consulting Group,5.0,,,Fulltime,,False,,Wellington City,Wellington,-41.2889,174.7772,"oracle,sql server,sql","etl,analytics","communication,organisation,reporting,writing"
intermediate data warehouse analyst,12-01-2023,Absolute IT Recruitment Specialists,,,,"Fulltime, Permanent",,False,,Auckland City,Auckland,-36.85,174.7833,"oracle,power bi,sql,sql server,tableau","etl,analytics","reporting,consulting,analysis,energetic,business intelligence"
contract bi developer  data engineer,17-01-2023,Consult Recruitment,,,,Fulltime,,False,,Auckland City,Auckland,-36.85,174.7833,cloud,"etl,tuning","organisation,innovative,management,flexible"
data repair officer,17-01-2023,Programmed,2.8,,,Fixed term contract,,False,,Auckland City,Auckland,-36.85,174.7833,,,"work ethic,motivated,team player,energetic,attention to detail"
data warehouse developer,17-01-2023,New Zealand Government,2.6,,,Fulltime,Masters,False,,Wellington City,Wellington,-41.2889,174.7772,"power bi,sql",analytics,"coaching,it,training,flexible,leadership"
senior data engineer snowflake,14-01-2023,Potentia,,,,Permanent,,False,,Auckland City,Auckland,-36.85,174.7833,"snowflake,aws,sql",analytics,organisation
data centre site lead 24x7,17-01-2023,Datacom,2.6,,,Fulltime,,False,,Wellington City,Wellington,-41.2889,174.7772,,,"customer service,management,supervising,it,flexible,collaboration"
data use specialist ethics  governance,17-06-2022,Xero,4.5,,,Permanent,,False,,Auckland City,Auckland,-36.85,174.7833,,"machine learning,artificial intelligence,analytics,ai","literacy,collaboration,organisation,decision making"
performance and data analyst,16-06-2022,Goodman Fielder,3.8,,,Fulltime,,False,,Auckland City,Auckland,-36.85,174.7833,"power bi,excel,tableau","cleansing,analytics,visualization","analytical,customer service,leadership,analysis,teamwork,business intelligence,reporting,training,data analysis,attention to detail"
matanga kohi raraunga  data collection specialist  gisborne,17-06-2022,Stats NZ,,,,Parttime,,True,Fully,,Gisborne,,,,,"management,time management,customer service,it,negotiation,literacy,communication,training,attention to detail"
performance and data analyst,16-06-2022,Goodman,3.7,,,Fulltime,,False,,Auckland City,Auckland,-36.85,174.7833,"power bi,excel,tableau","cleansing,analytics,visualization","analytical,customer service,leadership,analysis,teamwork,business intelligence,reporting,training,data analysis,attention to detail"
data scientist,17-06-2022,Verizon,3.9,,,Fulltime,Masters,False,,Christchurch,Canterbury,-43.5309,172.6365,"looker,c,tableau,snowflake,javascript,python,r,cloud,s3,powerbi,sql,redshift","data mining,machine learning,decision tree,clustering,regression,neural network,statistics,optimization","analysis,it,communication,data analysis,verbal communication"
bi  data  reporting analyst,17-06-2022,Xplor,,,,Fulltime,,False,,Auckland City,Auckland,-36.85,174.7833,"excel,power bi,ssrs,python,r,powerbi,sql","cleaning,dashboard,etl,visualization","motivated,flexible,analytical,analysis,it,business intelligence,reporting,data analysis,attention to detail"
data governance  quality manager,16-06-2022,Vista Entertainment Solutions,,,,Fulltime,,False,,Auckland City,Auckland,-36.85,174.7833,,"cleansing,analytics","management,innovative,data management,analysis,independent,reporting,mentoring"
junior data analyst,16-06-2022,Salt Recruitment,,,,Permanent,,False,,Auckland City,Auckland,-36.85,174.7833,google analytics,"analytics,recommendations,statistics,research","analysis,data analysis,team player,research"
senior eresearch engagement specialist  data safe haven service design,17-06-2022,The University of Auckland,4.4,,,Fulltime,,True,Fully,Auckland City,Auckland,-36.85,174.7833,dash,"exploratory,research","enthusiastic,management,flexible,data management,presentation,persistent,communication,collaboration,planning,research"
senior data scientist,16-06-2022,Figured Ltd,5.0,,,Fulltime,,False,,,,,,"nosql,sql","analytics,nlp,statistics","analytical,analysis,it,communication,data analysis,maths,mentoring"
data engineer,15-06-2022,The New Zealand Automobile Association Inc.,,,,Fulltime,Masters,False,,Auckland City,Auckland,-36.85,174.7833,"azure,hadoop,looker,google cloud,spark,postgresql,tableau,bigquery,python,aws,cloud,sql server,s3,mysql,sql","data mining,analytics,etl,visualization","management,it,decision making,data management"
product manager  behavioural data,18-06-2022,Xero,4.5,,,Permanent,,False,,Auckland City,Auckland,-36.85,174.7833,sql,"machine learning,analytics,ab testing","confidence,it,decision making,self awareness,planning"
data engineer,15-06-2022,EY,4.0,,,,Masters,False,,Auckland City,Auckland,-36.85,174.7833,"azure,kafka,spark,cognos,aws,cloud,powerbi","ai,blockchain,analytics,etl,pipeline","confidence,consulting,leadership,presenting,business intelligence,reporting,training,coaching"
senior data insight analyst,15-06-2022,FUJIFILM,3.7,,,Fulltime,,False,,Auckland City,Auckland,-36.85,174.7833,"power bi,excel",,"organisation,analytical,it,business intelligence,presentation,decision making,reporting,planning"
manager data analytics  innovation,16-06-2022,ASB Bank,4.4,,,Fulltime,,False,,Auckland City,Auckland,-36.85,174.7833,"power bi,sql,tableau","data mining,analytics,visualization","management,flexible,analytical,leadership,it,presenting,risk management,presentation,reporting,attention to detail"
master data  sap,16-06-2022,Kraft Heinz Company,3.5,,,Fixed term contract,Bachelors,False,,Hastings,Hawke's Bay,,,,research,"management,it,reporting,training,communication,coaching,research"
data masking engineer,16-06-2022,ANZ Banking Group,4.1,,,"Fulltime, Permanent",,False,,Auckland City,Auckland,-36.85,174.7833,"sql,oracle",,"flexible,innovative,analysis,it,communication,collaboration"
senior eresearch engagement specialist  data safe haven service design,17-06-2022,University of Auckland,4.4,,,Fulltime,,True,Fully,Auckland City,Auckland,-36.85,174.7833,dash,"exploratory,research","enthusiastic,management,flexible,data management,presentation,persistent,communication,collaboration,planning,research"
data analyst,15-06-2022,"Ministry of Business, Innovation & Employment",4.1,,,"Fulltime, Permanent",,False,,Wellington City,Wellington,-41.2889,174.7772,"sas,power bi,excel","data mining,analytics,ai","flexible,analytical,analysis,leadership,decision making,data analysis"
data engineer  newmarket,15-06-2022,Metlifecare,2.6,,,"Fulltime, Permanent",,False,,Newmarket,Auckland,,,sql,"analytics,etl","flexible,management,stakeholder management,data management,it,administration,reporting,communication"
manager  audit data  innovation,,KPMG,3.9,,,"Fulltime, Permanent",,False,,Auckland City,Auckland,-36.85,174.7833,,,"management,flexible,project management,communication,verbal communication"
data warehouse  database administrator,15-06-2022,C3 Limited,4.0,,,"Fulltime, Permanent",,False,,Tauranga,Bay of Plenty,-37.6858,176.1667,power bi,etl,"organisation,innovative,teamwork,it,presentation,reporting,verbal communication"
sr software developer  data analytics,15-06-2022,Verizon,3.9,,,Fulltime,,False,,Christchurch,Canterbury,-43.5309,172.6365,"net,c,snowflake,javascript,nodejs,sql",analytics,"management,it,reporting,communication,writing"
mlopsdata engineer  intermediate job id  217,16-06-2022,Maslow NZ Limited,,,,,Bachelors,False,,Auckland City,Auckland,-36.85,174.7833,"kubeflow,azure,nosql,sagemaker,python,aws,cloud,sql,kubernetes","machine learning,ai,analytics,dashboard,research","analytical,consulting,written communication,communication,research"
kaitātari tauanga me ngā raraunga  statistical and data analyst  population estimates and projections,18-06-2022,Statistics New Zealand,4.5,,,"Fulltime, Permanent",,False,,Christchurch,Canterbury,-43.5309,172.6365,"sas,r,sql",statistics,"flexible,analysis,leadership,reporting,training,communication,data analysis,verbal communication,coaching"
data engineer,16-06-2022,AA New Zealand,,,,,Masters,False,,Auckland City,Auckland,-36.85,174.7833,"azure,hadoop,looker,google cloud,spark,postgresql,tableau,bigquery,python,aws,cloud,sql server,s3,mysql,sql","data mining,analytics,etl,visualization","management,it,decision making,data management"
data governance  quality manager,16-06-2022,Vista Group,,,,Fulltime,,False,,Auckland City,Auckland,-36.85,174.7833,,"cleansing,analytics","management,innovative,data management,analysis,independent,reporting,mentoring"
game data analyst,17-06-2022,PikPok,,,,Fulltime,,False,,Wellington City,Wellington,-41.2889,174.7772,"python,tableau","machine learning,analytics","personal development,analytical,analysis,business intelligence,training,communication,empathetic"
marketing specialist  database fixed term contract,17-06-2022,Z Energy,,,,Fixed term contract,,False,,Wellington City,Wellington,-41.2889,174.7772,"net,cloud,salesforce","optimizing,analytics","management,flexible,personal development,stakeholder management,innovative,analytical,analysis,it,written communication,decision making,communication,attention to detail"
senior cloud data engineer  consultant,17-06-2022,Absolute IT Recruitment Specialists,,,,"Fulltime, Permanent",,False,,Auckland City,Auckland,-36.85,174.7833,"azure,kafka,snowflake,aws,cloud,powerbi","analytics,etl","organisation,consulting,presenting,business intelligence,reporting,training"
matanga kohi raraunga  data collection specialist  porirua,,Stats NZ,,,,Parttime,,True,Fully,Porirua,Wellington,-41.1333,174.85,,,"negotiation,training,attention to detail,customer service,literacy,communication,it,time management,management"
data analyst,20-06-2022,Talent Army,,,,Fulltime,,True,Fully,Wellington City,Wellington,-41.2889,174.7772,"aws,sql,c",,"data management,reporting,innovative,leadership,communication,business intelligence,presenting,interpersonal communication,data analysis,organisation,management"
analyst data quality asset data management,,Wellington Water,,,,Fulltime,,True,Fully,Lower Hutt,Wellington,-41.2167,174.9167,,"time series,geospatial,gis","attention to detail,communication,interpersonal communication,it,organisation,management"
key accounts  data communications  technology,20-06-2022,J.A. Russell Ltd,4.0,30.75,hour,"Fulltime, Permanent",,False,,Grafton,Auckland,,,,,"communication,coaching,customer service,management"
senior data governance specialist,21-06-2022,ASB Bank,4.4,,,Fulltime,,False,,Auckland City,Auckland,-36.85,174.7833,,,"data management,training,coordination,collaboration,flexible,communication,business intelligence,risk management,organisation,management"
senior analyst  data and reporting,20-06-2022,Westpac,3.9,,,Permanent,,False,,Auckland City,Auckland,-36.85,174.7833,"tableau,sas,power bi,azure","exploratory,analytics","reporting,analysis,planning,analytical,it,enthusiastic,risk management,mentoring,management"
senior  data scientist  biosecurity intelligence,,NZ Ministry for Primary Industries,4.0,,,"Fulltime, Permanent",,False,,Wellington City,Wellington,-41.2889,174.7772,,"analytics,statistics","productivity,flexible,management,analytical,reporting"
senior data scientist,,Transpower,,,,"Fulltime, Permanent",,False,,Wellington City,Wellington,-41.2889,174.7772,"snowflake,net,azure,aws,python,cloud,power bi","exploratory,analytics,artificial intelligence,statistics,machine learning","organisational,collaboration,communication,decision making,analytical,presenting,organisation,management"
automation tester  data  bi,19-06-2022,Momentum Consulting Group,5.0,,,Fixed term contract,,False,,Auckland City,Auckland,-36.85,174.7833,"python,hadoop,airflow,spark",,"consulting,confidence,business intelligence"
performance insights  data reporting specialist,20-06-2022,Madison Recruitment,3.6,,,Fulltime,,False,,Wellington Central,Wellington,,,power bi,,"analysis,data analysis,presenting,presentation"
database administrator 12 month contract,19-06-2022,Momentum Consulting Group,5.0,,,Fixed term contract,,False,,Auckland City,Auckland,-36.85,174.7833,sql server,tuning,"consulting,analytical,confidence,reporting"
data entry,23-06-2022,Tecnocasa,,45.5,hour,Fulltime,,False,,Auckland City,Auckland,-36.85,174.7833,excel,,"it,data entry"
receptionist data entry,22-06-2022,NZ Recruit,,,,Fulltime,,False,,Auckland City,Auckland,-36.85,174.7833,,,"it,data entry,communication"
data services analyst,22-06-2022,Visa,,,,Fulltime,,False,,Auckland City,Auckland,-36.85,174.7833,"sql,sql server",etl,"management,troubleshooting,data management,innovative,writing"
matanga kohi raraunga  data collection specialist  coromandelhauraki pla,23-06-2022,Stats NZ,,,,Parttime,,True,Fully,Hauraki,Auckland,,,,,"attention to detail,customer service,it,negotiation,management,literacy,time management,communication,training"
matanga kohi raraunga  data collection specialist  coromandelhauraki plains,23-06-2022,Statistics New Zealand,4.5,,,"Parttime, Permanent",,True,Fully,,Waikato,,,,,"attention to detail,customer service,flexible,it,negotiation,management,literacy,time management,communication,training"
cloud and data security analyst,23-06-2022,KPMG,3.9,,,"Fulltime, Permanent",,False,,Auckland City,Auckland,-36.85,174.7833,"cloud,powerpoint,azure,excel,aws",recommendations,"risk management,flexible,it,independent,management,project management,analysis,organisation,verbal communication,communication,reporting,training"
pwc consulting  data  analytics  manager,22-06-2022,PwC,4.0,,,Fulltime,,False,,Auckland City,Auckland,-36.85,174.7833,"sas,r,power bi,python,sql","machine learning,segmentation,natural language processing,statistics,regression,classification,clustering,forecasting,analytics,text analytics","stakeholder management,leadership,management,respectful,analytical,business intelligence,innovative,consulting,decision making,collaboration"
senior data warehouse developer,23-06-2022,SKYCITY,4.1,,,,,False,,Auckland City,Auckland,-36.85,174.7833,oracle,"etl,analytics","leadership,energetic,consulting,business intelligence,reporting"
senior  data scientist  biosecurity intelligence,21-06-2022,NZ Ministry for Primary Industries,4.0,,,"Fulltime, Permanent",,False,,Wellington City,Wellington,-41.2889,174.7772,,"statistics,analytics","flexible,productivity,management,analytical,reporting"
data manager for seabed 2030 centre  niwa,21-06-2022,Science New Zealand,,,,Fixed term contract,,False,,Wellington City,Wellington,-41.2889,174.7772,sql,research,"data analysis,resilience,flexible,it,management,analysis,research,organisation,team player,enthusiastic"
senior data governance specialist,21-06-2022,ASB Bank,4.4,,,Fulltime,,False,,Auckland City,Auckland,-36.85,174.7833,,,"risk management,flexible,management,collaboration,organisation,coordination,data management,communication,business intelligence,training"
data and operations coordinator  life insurance,24-06-2022,BNZ,3.5,,,"Fulltime, Permanent",,False,,Auckland City,Auckland,-36.85,174.7833,,,"flexible,it,management,data management,business acumen,communication,innovative,reporting"
matanga kohi raraunga  data collection specialist  porirua,21-06-2022,Stats NZ,,,,Parttime,,True,Fully,Porirua,Wellington,-41.1333,174.85,,,"attention to detail,customer service,it,negotiation,management,literacy,time management,communication,training"
data engineer,22-06-2022,RWA Technology People,,,,"Fulltime, Permanent",,True,Fully,Auckland City,Auckland,-36.85,174.7833,"cloud,tableau,git,spark,powerbi,snowflake,python,sql","etl,analytics","customer service,leadership,organisation,confidence,communication"
data and insight analyst work remotely,23-06-2022,Contact Energy,4.0,,,,,True,Fully,,,,,"power bi,excel,python,sql","ai,analytics","attention to detail,organisational,mentoring,it,analytical,analysis,organisation,decision making,training"
data consultant all levels,23-06-2022,RWA Technology People,,,,"Fulltime, Permanent",,False,,Auckland City,Auckland,-36.85,174.7833,"cloud,tableau,azure,snowflake,power bi,aws","etl,analytics","consulting,innovative,business intelligence"
data engineer,23-06-2022,Consult Recruitment,,,,Fixed term contract,,True,Fully,Auckland City,Auckland,-36.85,174.7833,"sql,sas","etl,analytics","analysis,data analysis,flexible"
data consultant all levels,,RWA Technology People,,,,,,False,,Auckland City,Auckland,-36.85,174.7833,,,
senior product manager data management,22-06-2022,Change Healthcare,,,,Fulltime,,True,Temporarily,Auckland City,Auckland,-36.85,174.7833,sql,pipeline,"it,negotiation,management,planning,literacy,analytical,analysis,data management,business acumen,innovative,communication"
senior data scientist,21-06-2022,Transpower,,,,"Fulltime, Permanent",,False,,Wellington City,Wellington,-41.2889,174.7772,"cloud,net,azure,snowflake,power bi,python,aws","machine learning,artificial intelligence,statistics,exploratory,analytics","organisational,presenting,management,analytical,organisation,communication,decision making,collaboration"
people lead  data,23-06-2022,Contact Energy,4.0,,,,,False,,,,,,,"ai,analytics","organisational,mentoring,leadership,it,planning,communication,coaching,training"
senior data analyst,21-06-2022,Beyond Recruitment,3.0,,,Fulltime,Bachelors,False,,Tauranga City,Bay of Plenty,,,"snowflake,github,power bi,sql,python",analytics,"analytical,it,innovative"
senior data engineer,23-06-2022,Contact Energy,4.0,,,,,False,,,,,,"cloud,git,spark,python,aws",ai,"organisational,critical thinking,it,administration,decision making,collaboration"
